Source,Author,Title,Description,URL,Published At,Type
stgnews,Bridger Palmer,Pine View High teacher wins Best in State award for business leadership class,"ST. GEORGE — Kaitlyn Larson, a first-year teacher at Pine View High School, recently received the Best in State award for a business leadership course. Larson’s students in grades 10-12 had the highest passing rate on the YouScience exam during the spring and fall semesters of 2023. The YouScience exam is similar to final exams [&#8230;]",https://www.stgeorgeutah.com/news/archive/2024/07/12/bdp-pine-view-high-teacher-wins-best-in-state-award-for-business-leadership-class/,2024-07-12T23:45:25+00:00,Business
Zimbabwe Mail,Staff Reporter,Businesses Face Financial Strain Amid Liquidity Crunch,"Harare, Zimbabwe – Local businesses are grappling with a severe liquidity crunch, which is limiting [...]",https://www.thezimbabwemail.com/business/businesses-face-financial-strain-amid-liquidity-crunch/,2024-07-12T22:59:42+00:00,Business
4-traders,,"Musk donates to super pac working to elect Trump, Bloomberg reports","(marketscreener.com) Billionaire Elon Musk has donated to a super pac working to elect former U.S. President Donald Trump, Bloomberg reported on Friday, citing sources. The report did not indicate how much Musk donated but added it was ""a sizable amount"" given to a group called America PAC. https://www.marketscreener.com/business-leaders/Elon-Musk-1364/news/Musk-donates-to-super-pac-working-to-elect-Trump-Bloomberg-reports--47374715/?utm_medium=RSS&utm_content=20240712",https://www.marketscreener.com/business-leaders/Elon-Musk-1364/news/Musk-donates-to-super-pac-working-to-elect-Trump-Bloomberg-reports--47374715/?utm_medium=RSS&utm_content=20240712,2024-07-12T22:52:55+00:00,Business
4-traders,,US FTC issues warning to franchisors over unfair business practices,"(marketscreener.com) A U.S. trade regulator on Fridayannounced a suite of actions taking aim at ""unfair and deceptivepractices"" it said are illegally imposed on U.S. franchisees bytheir brand owners, such as requiring new fees not outlined infranchise contracts, or using contract provisions to discouragefranchisees from speaking with regulators. The...https://www.marketscreener.com/quote/stock/MCDONALD-S-CORPORATION-4833/news/US-FTC-issues-warning-to-franchisors-over-unfair-business-practices-47374706/?utm_medium=RSS&utm_content=20240712",https://www.marketscreener.com/quote/stock/MCDONALD-S-CORPORATION-4833/news/US-FTC-issues-warning-to-franchisors-over-unfair-business-practices-47374706/?utm_medium=RSS&utm_content=20240712,2024-07-12T22:41:01+00:00,Business
PLANET,,Rooftop solar's dark side,"4.5 million households in the U.S. have solar panels on their homes. Most of those customers are happy with it - their electricity bills have just about disappeared, and it's great for the planet. But thousands and thousands of people are really disappointed with what they've been sold. Their panels are more expensive than they should be, and they say it is hard to get someone to come fix them when they break. It turns out this sometimes crummy customer experience is no accident. It ties back to how big, national solar companies built their businesses in the first place. To entice people to...",https://www.npr.org/2024/07/12/1197961036/rooftop-solar-panels-energy-bills-marketing,2024-07-12T22:28:19+00:00,Business
4-traders,,Gabelli asks Paramount for details on National Amusements valuation,"(marketscreener.com) Billionaire investor Mario Gabelli'sinvestment firm is seeking more details about the valuation ofNational Amusements assets, the investor told Reuters on Friday,signaling the firm may challenge a landmark entertainmentindustry deal inked this week. Skydance Media and Paramount Global agreed onSunday to merge, in a deal that...https://www.marketscreener.com/business-leaders/Mario-Gabelli-1709/news/Gabelli-asks-Paramount-for-details-on-National-Amusements-valuation--47374649/?utm_medium=RSS&utm_content=20240712",https://www.marketscreener.com/business-leaders/Mario-Gabelli-1709/news/Gabelli-asks-Paramount-for-details-on-National-Amusements-valuation--47374649/?utm_medium=RSS&utm_content=20240712,2024-07-12T22:23:28+00:00,Business
4-traders,,QWI INVESTMENTS : QWI) &ndash; ANNOUNCEMENT RE NET ASSET VALUE OF SHARES,"(marketscreener.com) July 12, 2024 5:08 pm QWI announces that at the close of business on 12 July 2024 the Net Asset Value of QWI's shares was $1.32 per share. Attachments Original Link ...https://www.marketscreener.com/quote/stock/QWI-INVESTMENTS-LIMITED-134402695/news/QWI-INVESTMENTS-QWI-ANNOUNCEMENT-RE-NET-ASSET-VALUE-OF-SHARES-47374602/?utm_medium=RSS&utm_content=20240712",https://www.marketscreener.com/quote/stock/QWI-INVESTMENTS-LIMITED-134402695/news/QWI-INVESTMENTS-QWI-ANNOUNCEMENT-RE-NET-ASSET-VALUE-OF-SHARES-47374602/?utm_medium=RSS&utm_content=20240712,2024-07-12T22:16:07+00:00,Business
4-traders,,Rome Resources Announces Shareholder Approval of Arrangement with Pathfinder Minerals,"(marketscreener.com) Rome Resources Ltd. is pleased to announce that, at its special meeting of the holders of common shares held earlier today, Rome Shareholders approved a special resolution authorizing and approving the previously announced arrangement under section 288 of the Business Corporations Act among Rome, Pathfinder Minerals Plc and 1475033 B.C....https://www.marketscreener.com/quote/stock/ROME-RESOURCES-LTD-147174692/news/Rome-Resources-Announces-Shareholder-Approval-of-Arrangement-with-Pathfinder-Minerals-47374600/?utm_medium=RSS&utm_content=20240712",https://www.marketscreener.com/quote/stock/ROME-RESOURCES-LTD-147174692/news/Rome-Resources-Announces-Shareholder-Approval-of-Arrangement-with-Pathfinder-Minerals-47374600/?utm_medium=RSS&utm_content=20240712,2024-07-12T22:15:07+00:00,Business
The Chronicle,peter,Fawcett accused of fronting scheme for hostile takeover,"Business Reporter A POTENTIALLY bruising fight for Gwanda-based gold producer Vubachikwe is brewing after mine owners Forbes & Thompson accused one of the creditors, Fawcett Security Operations, of trying to place the mine under corporate rescue as part of a plot to engineer a hostile takeover by London Stock Exchange-listed Kavango Resources. Fawcett made an [&#8230;]",https://www.chronicle.co.zw/fawcett-accused-of-fronting-scheme-for-hostile-takeover/,2024-07-12T22:05:43+00:00,Business
International Business Times Au,,What Makes Spynn Publicity The Top Choice For Australian Businesses,"With creative strategies and deep industry knowledge, Spynn Publicity has established itself as a standout player in public relations.",https://www.ibtimes.com.au/what-makes-spynn-publicity-top-choice-australian-businesses-1849497,2024-07-12T22:04:35+00:00,Business
abovethelaw,Chris Williams,Quick Wits & Quicker Reflexes — See Also,"I'll Drink To That: Kirland & Ellis partner flexes dexterity mid business call.Gotta Love Rankings!: Check out this list of amazing small, boutique, and midsize firms.Really Could Use More Details On The Bar: Legal educators show concern over what this means for students.Shaky Memory, Absent Law License: Florida Supreme Court strips former judge of his ability to practice.IMMUNITY! IMMUNITY!: Trump thinks yelling it repeatedly will get rid of his legal troubles.The post Quick Wits & Quicker Reflexes &#8212; See Also appeared first on Above the Law.",https://abovethelaw.com/2024/07/quick-wits-quicker-reflexes-see-also/,2024-07-12T22:03:46+00:00,Business
midhudsonnews,Hank Gross,City of Poughkeepsie explores developing downtown Business Improvement District,POUGHKEEPSIE – The City of Poughkeepsie will be exploring the possibility of creating a Business Improvement District to breathe new life into the downtown retail corridor along Main Street. Mayor Yvonne Flowers and the common council has lent their support toward development of the BID. Funded by a special assessment on property owners in the [&#8230;],https://midhudsonnews.com/2024/07/12/city-of-poughkeepsie-explores-developing-downtown-business-improvement-district/,2024-07-12T22:02:16+00:00,Business
4-traders,,NerdWallet Announces Conference Call to Review 2024 Second Quarter Financial Results,"(marketscreener.com) NerdWallet, Inc. , which provides trustworthy financial guidance to consumers and small and mid-sized businesses , today announced that it will release its second quarter 2024 financial results on Wednesday, July 31, 2024, and hold a related conference call to discuss the results at 1:30 p.m. Pacific Time the same day.Investors and other...https://www.marketscreener.com/quote/stock/NERDWALLET-INC-128898691/news/NerdWallet-Announces-Conference-Call-to-Review-2024-Second-Quarter-Financial-Results-47374579/?utm_medium=RSS&utm_content=20240712",https://www.marketscreener.com/quote/stock/NERDWALLET-INC-128898691/news/NerdWallet-Announces-Conference-Call-to-Review-2024-Second-Quarter-Financial-Results-47374579/?utm_medium=RSS&utm_content=20240712,2024-07-12T22:01:06+00:00,Business
Talking Biz News,Chris Roush,Baltimore Biz Journal hires Terzi as research editor,"The Baltimore Business Journal has hired Ben Terzi as its research editor. Terzi manages various databases to produce weekly Lists, the Book of Lists and other research projects for the Baltimore Business Journal. Prior to joining the Business Journal, he covered community news for The Dundalk Eagle and Avenue News. Born and raised in Baltimore, Terzi is [&#8230;]",https://talkingbiznews.com/they-talk-biz-news/baltimore-biz-journal-hires-terzi-as-research-editor/,2024-07-12T21:55:39+00:00,Business
4-traders,,"Rosen Law Firm Encourages Arbor Realty Trust, Inc. Investors to Inquire About Securities Class Action Investigation &ndash; ABR","(marketscreener.com) Why: Rosen Law Firm, a global investor rights law firm, continues to investigate potential securities claims on behalf of shareholders of Arbor Realty Trust, Inc. resulting from allegations that Arbor may have issued materially misleading business information to the investing public.So what: If you purchased Arbor securities you may be...https://www.marketscreener.com/quote/stock/ARBOR-REALTY-TRUST-INC-11503/news/Rosen-Law-Firm-Encourages-Arbor-Realty-Trust-Inc-Investors-to-Inquire-About-Securities-Class-Actio-47374565/?utm_medium=RSS&utm_content=20240712",https://www.marketscreener.com/quote/stock/ARBOR-REALTY-TRUST-INC-11503/news/Rosen-Law-Firm-Encourages-Arbor-Realty-Trust-Inc-Investors-to-Inquire-About-Securities-Class-Actio-47374565/?utm_medium=RSS&utm_content=20240712,2024-07-12T21:48:09+00:00,Business
thereporter,Matthew Brown,Bob Linda leaving his footprints in Solano,"Footprints Floors of Solano is currently a one-man operation, but it hasn’t slowed Linda down. The self-proclaimed ‘workaholic’ is his own production manager, salesman and computer guy, but not for long. With business doing well, he says he’ll be able to add to the team in the near future.",https://www.thereporter.com/2024/07/12/bob-linda-leaving-his-footprints-in-solano/,2024-07-12T21:46:33+00:00,Business
Post,Kidspot,Here’s how a new mom transformed her sleep deprivation into a booming business,"Living in the picturesque Northern Beaches of Sydney, Hannah Miller was no stranger to the exhausting realities of new motherhood. ",https://nypost.com/2024/07/12/lifestyle/heres-how-a-new-mom-transformed-her-sleep-deprivation-into-a-booming-business/,2024-07-12T21:34:56+00:00,Business
executivegov,Branson Brooks,Pentagon Selects First Awardee for Distributed Bioindustrial Manufacturing Program,"The Department of Defense has selected the first awardee to contribute to the Distributed Bioindustrial Manufacturing Program, a.k.a. DBIMP. Biotechnology company&#160;Debut will be given $2 million to deliver business and technical plans that outline the construction of a U.S.-based bioindustrial manufacturing production facility,&#160;the Pentagon said Wednesday. The facility’s construction would be funded via the&#160;Defense Industrial Base Consortium Other Transaction Agreement. Aprille Ericsson, assistant secretary of defense for science and technology, said this award is a big step...",https://executivegov.com/2024/07/pentagon-selects-first-awardee-for-distributed-bioindustrial-manufacturing-program/,2024-07-12T21:25:56+00:00,Business
4-traders,,AES Announces Quarterly Dividend,"(marketscreener.com) ARLINGTON, Va., July 12, 2024 /PRNewswire/ --&nbsp;The Board of Directors of The AES Corporation declared a quarterly common stock dividend of $0.1725 per share payable on August 15, 2024 to shareholders of record at the close of business on August 1, 2024.&nbsp; ...https://www.marketscreener.com/quote/stock/AES-CORPORATION-THE-11547/news/AES-Announces-Quarterly-Dividend-47374356/?utm_medium=RSS&utm_content=20240712",https://www.marketscreener.com/quote/stock/AES-CORPORATION-THE-11547/news/AES-Announces-Quarterly-Dividend-47374356/?utm_medium=RSS&utm_content=20240712,2024-07-12T21:01:08+00:00,Business
thebusinessjournal,Deborah Nankivell,BLOG: The invisible monster devouring the California dream,"What if the reason for the wealth gap and sea of intractable issues is so common, we can’t see it?The post BLOG: The invisible monster devouring the California dream appeared first on The Business Journal.",https://thebusinessjournal.com/blog-the-invisible-monster-devouring-the-california-dream/?utm_source=rss&utm_medium=rss&utm_campaign=blog-the-invisible-monster-devouring-the-california-dream,2024-07-12T20:53:57+00:00,Business
finanznachrichten,,ConnectM Completes Business Combination with Monterey Capital Acquisition Corporation,"~ ConnectM Common Stock to Trade on Nasdaq on July 15, 2024 Under Ticker ""CNTM"" ~ MARLBOROUGH, MA / ACCESSWIRE / July 12, 2024 / ConnectM Technology Solutions, Inc. (""ConnectM""), a technology compa...",https://www.finanznachrichten.de/nachrichten-2024-07/62722369-connectm-completes-business-combination-with-monterey-capital-acquisition-corporation-200.htm,2024-07-12T20:50:00+00:00,Business
4-traders,,The J.M. Smucker Co. Announces Dividend Increase,"(marketscreener.com) ORRVILLE, Ohio, July 12, 2024 /PRNewswire/ -- The J.M. Smucker Co. today announced its Board of Directors approved an increase in the quarterly dividend from $1.06 to $1.08 per common share, an increase of two percent. The next dividend will be paid on Tuesday, September 3, 2024, to shareholders of record at the close of business on Friday,...https://www.marketscreener.com/quote/stock/THE-JM-SMUCKER-COMPANY-14400/news/The-J-M-Smucker-Co-Announces-Dividend-Increase-47374247/?utm_medium=RSS&utm_content=20240712",https://www.marketscreener.com/quote/stock/THE-JM-SMUCKER-COMPANY-14400/news/The-J-M-Smucker-Co-Announces-Dividend-Increase-47374247/?utm_medium=RSS&utm_content=20240712,2024-07-12T20:31:11+00:00,Business
4-traders,,VULCAN DECLARES QUARTERLY DIVIDEND ON COMMON STOCK,"(marketscreener.com) BIRMINGHAM, Ala., July 12, 2024 /PRNewswire/ -- The Board of Directors of Vulcan Materials Company today declared a quarterly cash dividend of $0.46 cents per share on its common stock. The dividend will be payable on September 4, 2024, to shareholders of record at the close of business on August 15, 2024.&nbsp;Vulcan Materials Company, a...https://www.marketscreener.com/quote/stock/VULCAN-MATERIALS-COMPANY-14815/news/VULCAN-DECLARES-QUARTERLY-DIVIDEND-ON-COMMON-STOCK-47374245/?utm_medium=RSS&utm_content=20240712",https://www.marketscreener.com/quote/stock/VULCAN-MATERIALS-COMPANY-14815/news/VULCAN-DECLARES-QUARTERLY-DIVIDEND-ON-COMMON-STOCK-47374245/?utm_medium=RSS&utm_content=20240712,2024-07-12T20:31:11+00:00,Business
thebusinessjournal,MATT O'BRIEN and SARAH PARVINI AP Technology Writers,"US senators call out Big Tech’s new approach to poaching talent, products from smaller AI startups","In the race to stay ahead in artificial intelligence, the biggest technology companies are swallowing up the talent and productsThe post US senators call out Big Tech&#8217;s new approach to poaching talent, products from smaller AI startups appeared first on The Business Journal.",https://thebusinessjournal.com/us-senators-call-out-big-techs-new-approach-to-poaching-talent-products-from-smaller-ai-startups/?utm_source=rss&utm_medium=rss&utm_campaign=us-senators-call-out-big-techs-new-approach-to-poaching-talent-products-from-smaller-ai-startups,2024-07-12T20:28:58+00:00,Business
thebusinessjournal,Ken Sweet-AP Business Writer,Big bank quarterly results show signs of consumers slowing down spending,(AP) — Signs of consumers slowing down their spending and falling behind on their bills weighed down shares of theThe post Big bank quarterly results show signs of consumers slowing down spending appeared first on The Business Journal.,https://thebusinessjournal.com/big-bank-quarterly-results-show-signs-of-consumers-slowing-down-spending/?utm_source=rss&utm_medium=rss&utm_campaign=big-bank-quarterly-results-show-signs-of-consumers-slowing-down-spending,2024-07-12T20:23:40+00:00,Business
yucatan,Contenido patrocinado,Reconocen a World Business Capital por sus proyectos en el sureste de México,"World Business Capital, una empresa líder en desarrollo y negocios con sedes en México y los Estados Unidos, se complace en anunciar el reconocimiento obtenido por sus destacados proyectos en el sureste de México. Estos logros subrayan nuestro compromiso con la excelencia, la innovación y el desarrollo sostenible, así como nuestro compromiso con nuestros inversionistas. [&#8230;]Esta nota Reconocen a World Business Capital por sus proyectos en el sureste de México apareció primero en Diario de Yucatán.",https://www.yucatan.com.mx/imagen/2024/07/12/reconocen-a-world-business-capital-por-sus-proyectos-en-el-sureste-de-mexico.html,2024-07-12T19:58:35+00:00,Business
journalrecord,Jeff Elkins,Infrared sauna therapy expands to Oklahoma City metro,The largest full-spectrum infrared and red-light sauna therapy business in the U.S. is expanding to the metro with two locations.,https://journalrecord.com/2024/07/infrared-sauna-therapy-expands-to-oklahoma-city-metro/,2024-07-12T18:23:05+00:00,Business
dailybulletin,Brady MacDonald,Disneyland closes 6 attractions during busy summer season,The attraction closures take place just before the Halloween crowds descend on the Disney parks.,https://www.dailybulletin.com/2024/07/12/disneyland-closes-6-attractions-during-busy-summer-season/,2024-07-12T18:05:42+00:00,Business
dailybreeze,Brady MacDonald,Disneyland closes 6 attractions during busy summer season,The attraction closures take place just before the Halloween crowds descend on the Disney parks.,https://www.dailybreeze.com/2024/07/12/disneyland-closes-6-attractions-during-busy-summer-season/,2024-07-12T18:05:42+00:00,Business
Press-Telegram,Brady MacDonald,Disneyland closes 6 attractions during busy summer season,The attraction closures take place just before the Halloween crowds descend on the Disney parks.,https://www.presstelegram.com/2024/07/12/disneyland-closes-6-attractions-during-busy-summer-season/,2024-07-12T18:05:42+00:00,Business
sgvtribune,Brady MacDonald,Disneyland closes 6 attractions during busy summer season,The attraction closures take place just before the Halloween crowds descend on the Disney parks.,https://www.sgvtribune.com/2024/07/12/disneyland-closes-6-attractions-during-busy-summer-season/,2024-07-12T18:05:42+00:00,Business
pasadenastarnews,Brady MacDonald,Disneyland closes 6 attractions during busy summer season,The attraction closures take place just before the Halloween crowds descend on the Disney parks.,https://www.pasadenastarnews.com/2024/07/12/disneyland-closes-6-attractions-during-busy-summer-season/,2024-07-12T18:05:42+00:00,Business
sbsun,Brady MacDonald,Disneyland closes 6 attractions during busy summer season,The attraction closures take place just before the Halloween crowds descend on the Disney parks.,https://www.sbsun.com/2024/07/12/disneyland-closes-6-attractions-during-busy-summer-season/,2024-07-12T18:05:42+00:00,Business
whittierdailynews,Brady MacDonald,Disneyland closes 6 attractions during busy summer season,The attraction closures take place just before the Halloween crowds descend on the Disney parks.,https://www.whittierdailynews.com/2024/07/12/disneyland-closes-6-attractions-during-busy-summer-season/,2024-07-12T18:05:42+00:00,Business
ocregister,Brady MacDonald,Disneyland closes 6 attractions during busy summer season,The attraction closures take place just before the Halloween crowds descend on the Disney parks.,https://www.ocregister.com/2024/07/12/disneyland-closes-6-attractions-during-busy-summer-season/,2024-07-12T18:05:42+00:00,Business
redlandsdailyfacts,Brady MacDonald,Disneyland closes 6 attractions during busy summer season,The attraction closures take place just before the Halloween crowds descend on the Disney parks.,https://www.redlandsdailyfacts.com/2024/07/12/disneyland-closes-6-attractions-during-busy-summer-season/,2024-07-12T18:05:42+00:00,Business
4-traders,,Alight Completes Sale of Payroll and Professional Services Business,(marketscreener.com) Company to post webcast on July 18th to accompany pro forma disclosureshttps://www.marketscreener.com/quote/stock/ALIGHT-INC-109870210/news/Alight-Completes-Sale-of-Payroll-and-Professional-Services-Business-47373791/?utm_medium=RSS&utm_content=20240712,https://www.marketscreener.com/quote/stock/ALIGHT-INC-109870210/news/Alight-Completes-Sale-of-Payroll-and-Professional-Services-Business-47373791/?utm_medium=RSS&utm_content=20240712,2024-07-12T17:51:05+00:00,Business
thetrucker,Erica N. Guy,Arpin International Group reappoints of Mark J. Burchell as chairman,"WEST WARWICK, R.I. — Arpin International Group recently announced that Mark J. Burcell, the company&#8217;s VP of Global Sales and Business Development, has been reappointed Chairman",https://www.thetrucker.com/trucking-news/business/arpin-international-group-announces-the-reappoint-of-mark-j-burchell-as-chairman,2024-07-12T17:25:34+00:00,Business
